idx,void_id,void_ra_deg,void_dec_deg,void_z,r_eff_mpc,theta_void_deg,n_center,n_edge,n_total_RM,center_abs_RM_mean,edge_abs_RM_mean,center_abs_RM_median,edge_abs_RM_median,center_RM_mad,edge_RM_mad,LRI_abs,LRI_mad,PVGU_VOID_RM_index,agn_count_0.5R,agn_z_median_0.5R,agn_count_1.0R,agn_z_median_1.0R,agn_count_1.5R,agn_z_median_1.5R,agn_count_2.0R,agn_z_median_2.0R,agn_count_3.0R,agn_z_median_3.0R,agn_inner_count_0.5_1.0R,agn_shell_count_0.5_1.0R,agn_inner_density_0.5_1.0R,agn_shell_density_0.5_1.0R,agn_shell_contrast_0.5_1.0R,agn_inner_count_1.0_1.5R,agn_shell_count_1.0_1.5R,agn_inner_density_1.0_1.5R,agn_shell_density_1.0_1.5R,agn_shell_contrast_1.0_1.5R,agn_inner_count_1.0_2.0R,agn_shell_count_1.0_2.0R,agn_inner_density_1.0_2.0R,agn_shell_density_1.0_2.0R,agn_shell_contrast_1.0_2.0R,agn_inner_count_1.5_3.0R,agn_shell_count_1.5_3.0R,agn_inner_density_1.5_3.0R,agn_shell_density_1.5_3.0R,agn_shell_contrast_1.5_3.0R,agn_large_count_2.0R,agn_large_density_2.0R,agn_large_count_3.0R,agn_large_density_3.0R,agn_large_count_5.0R,agn_large_density_5.0R,agn_large_count_8.0R,agn_large_density_8.0R,agn_weight_near_0.5R,agn_weight_far_0.5R,agn_weight_zmatch005_0.5R,agn_weight_zmatch010_0.5R,agn_weight_near_1.0R,agn_weight_far_1.0R,agn_weight_zmatch005_1.0R,agn_weight_zmatch010_1.0R,agn_weight_near_1.5R,agn_weight_far_1.5R,agn_weight_zmatch005_1.5R,agn_weight_zmatch010_1.5R,agn_weight_near_2.0R,agn_weight_far_2.0R,agn_weight_zmatch005_2.0R,agn_weight_zmatch010_2.0R,agn_weight_near_3.0R,agn_weight_far_3.0R,agn_weight_zmatch005_3.0R,agn_weight_zmatch010_3.0R,void_nn1_angle_deg,void_nn5_mean_angle_deg,void_nn10_mean_angle_deg,void_isolation_index,void_network_count_3R_dz0.02,void_network_weight_3R_dz0.02,void_network_count_3R_dz0.05,void_network_weight_3R_dz0.05,void_network_count_3R_dz0.1,void_network_weight_3R_dz0.1,PVGU_residual,EGII,EGD_candidate,cluster
617,2124,37.399,3.74,0.5,32.345,0.8659962562386203,3,3,6,8.366666666666665,17.716666666666665,4.4,21.4,4.299539999999999,18.90315,0.3584664536741077,0.6293929712459795,0.4532907348242628,75,1.508,244,1.5790000000000002,535,1.588,954,1.5865,2024,1.5565,75,169,127.33252551115108,95.6408747172646,-0.1421319796954308,244,291,103.56378741573624,98.81003979665329,-0.0234899328859057,244,710,103.56378741573624,100.45121456990807,-0.015256588072122,535,1489,100.9228165162457,93.62870641289088,-0.0374919198448608,954,101.22935778136512,2024,95.45223393872958,6161,104.59942528989356,14706,97.52875625869729,31.769763634942294,115.556,2.170701430963444,3.8625021152694687,101.10981932114086,386.92500000000007,7.370317164743229,12.886435303283406,219.34361773751343,855.424,12.183889465475854,23.181610563132185,392.3014991538531,1521.2040000000002,22.545577401168902,41.2507049490073,831.6539685812251,3244.069,42.38747077222659,79.99188372927127,5.177526560731828,6.870377510829973,8.460202723783398,7.933495625792806,0,0.0,0,0.0,0,0.0,0.36152078965528733,2.6178433976003017,True,-1
74,2629,163.369,-0.928,0.488,39.254,1.0768196189896455,3,6,9,12.15,17.616666666666664,13.25,16.15,11.26776,6.30105,0.1836506159014495,-0.2827004219409122,0.0204277526566228,103,1.283,397,1.363,866,1.362,1419,1.386,2618,1.4,103,294,113.09969253381102,107.60941619721828,-0.0248756218905471,397,469,108.98198528136643,102.9975840744803,-0.0282310282310282,397,1022,108.98198528136643,93.51770693329682,-0.0763669227293263,866,1752,105.65731794420748,71.25158623489281,-0.1944827586206885,1419,97.38377652031424,2618,79.85301916222147,5233,57.46123213877991,10289,44.13238533375234,52.11108924625067,143.266,2.7957704130856857,6.855797836058302,193.29866361979356,561.8230000000001,10.24973684331882,24.458856593892847,421.8285837674538,1212.986,30.52684361056206,60.43600125916856,682.4757872639634,1999.604,47.94113663295808,96.1224800761081,1252.0124237898526,3720.106,92.17603183725318,183.09569194837255,7.986818000040401,10.394022397403411,11.46744456711593,9.652519525179365,0,0.0,0,0.0,0,0.0,-0.062786392150847,2.2780148458166374,True,-1
53,17574,207.941,28.323,0.454,26.026,0.7674152690556838,3,5,8,10.166666666666666,18.04,8.299999999999999,12.6,2.965199999999997,20.60814,0.2791302292602123,0.7484276729559435,0.4433843345537182,26,2.1225,105,1.666,232,1.7,458,1.8075,997,1.7,26,79,56.21116607490525,56.93182205022455,0.0063694267515922,105,127,56.75165805639472,54.9139853193305,-0.0164569215876088,105,353,56.75165805639472,63.59788982192806,0.0568862275449097,232,765,55.73072875802571,61.25575790214033,0.0472279260780283,458,61.88633188054472,997,59.87450061611168,2670,57.72454362307578,8117,68.54958458984464,11.244921596909217,46.177,0.3180065558722648,0.7792009751155855,47.26201297907866,163.21,4.6641935088832005,7.355759587770453,104.20415255360116,377.221,10.05073402684073,16.480889288937135,205.20194870007032,758.642,18.12960498645229,30.748207062061184,439.6705154185024,1624.967,32.12829621624942,60.77468975337342,2.524666932392829,4.037004032329306,5.514401218049484,5.260520861529952,0,0.0,0,0.0,0,0.0,0.3367927441805427,1.9988774120490764,True,1
962,254,232.596,0.99,0.322,28.823,1.1982906577651158,4,5,9,14.15,29.52,11.750000000000002,13.4,9.6369,20.90466,0.3519578658117619,0.3689320388349393,0.357898826369874,39,1.599,173,1.5555,392,1.673,677,1.6065,1533,1.6245,39,134,34.58202168452799,39.606759878006415,0.0677290836653377,173,219,38.3505753296368,38.83827050723912,0.0063182079264789,173,504,38.3505753296368,37.242177198722445,-0.0146627565982402,392,1141,38.62151709497143,37.47206718143061,-0.0151057401812687,677,37.51927673145104,1533,37.759429659815815,3788,33.58889695922873,8819,30.5467597391679,18.787113593373373,59.699000000000005,1.251610634913387,2.660931441439326,83.85921598136841,258.052,4.728273618885723,10.503159260299515,179.33168643936474,634.3019999999999,12.131653358370125,23.93069115667114,315.96360708052254,1069.848,23.99799834444461,47.2617271435662,715.2160389242505,2375.219,47.93591444579826,98.13507706907616,4.832172982178409,6.537897419337993,7.792911955369172,5.4560196868480215,0,0.0,0,0.0,0,0.0,0.2606078824429133,1.8422518051584555,True,1
719,5613,13.867,22.865,0.598,58.346,1.306137104784758,3,5,8,5.533333333333332,27.28,6.199999999999996,15.0,1.3343400000000083,31.72764,0.6627387240958759,0.919282511210734,0.7525290495860761,145,1.568,555,1.613,1210,1.6575,2173,1.597,4912,1.587,145,410,108.21826994426162,101.99882914286728,-0.0295857988165679,555,655,103.55368934321586,97.76960939791913,-0.0287303058387394,555,1618,103.55368934321586,100.63055216656052,-0.0143161742308863,1210,3702,100.34031159582878,102.33053265227495,0.0098199672667757,2173,101.36133646072436,4912,101.83297738816344,13375,99.82202486237924,31375,91.46951022363169,59.256191502759705,240.428,3.2131956149815712,7.316567068691095,220.2973483879268,932.053,12.253115886396987,23.103378400317556,489.38355858688095,2016.492,25.38627432870804,51.68088768585453,889.8733513539628,3548.244,55.47425860534207,110.04786028111748,2015.227082412348,7958.452999999999,119.9123068751648,240.98264083333905,2.3543477795517616,4.1798666318548205,5.258407482885764,3.2001744813309103,1,0.0055165644207607,1,0.1249302121985824,1,0.3534546819587802,0.6752600103948494,1.769300691371142,True,-1
1166,6465,23.606,-4.958,0.217,16.901,1.0426331555521386,3,5,8,6.333333333333333,32.61999999999999,5.9,30.1,9.6369,6.523440000000003,0.6748245764162071,-0.1926605504587034,0.3712047820099884,82,1.581,269,1.629,564,1.697,1060,1.653,2311,1.655,82,187,96.04193655243373,73.00748835489881,-0.1362586605080823,269,295,78.76610040428254,69.10334459260476,-0.0653465346534649,269,791,78.76610040428254,77.20444289936492,-0.0100125156445556,564,1747,73.39790273112821,75.78376836364124,0.0159930212271007,1060,77.59485727559432,2311,75.18730195551299,7050,82.57264057251923,18973,86.8046714085997,35.48623381459388,125.447,1.1429974536959548,2.007046870676518,113.07558009733484,433.281,4.455556903256667,7.823812493257428,226.57688213767412,969.16,6.695369798162579,12.088134272532727,429.9785737756562,1795.114,11.871950648182343,22.754262257191407,944.2421090753556,3860.813,19.88162730894167,42.725963530162005,1.9352297475290856,5.242383042788659,6.649521760548818,5.028022574255722,1,0.2592402606458915,1,0.5827482523739898,1,0.7633794943368533,0.2803722750607491,1.6955691906833348,True,1
569,2567,134.088,1.446,0.535,46.205,1.156149660407882,3,4,7,15.266666666666667,20.975,14.4,18.85,1.186080000000001,11.71254,0.1575074729822904,0.8160919540229252,0.3880120413465125,153,1.363,474,1.325,1035,1.319,1762,1.285,3789,1.267,153,321,145.73821216571358,101.92149478255784,-0.1769230769230763,474,561,112.8756741283468,106.8746889215233,-0.0273081924577371,474,1288,112.8756741283468,102.23900722736332,-0.0494464944649444,1035,2754,109.5417934578893,97.15880811047572,-0.0599078341013821,1762,104.8981739526092,3789,100.25455444732911,8374,79.76547638403171,15220,56.63132121022673,72.09649352413629,206.194,7.510697899066002,14.581209328457826,226.85551205287737,641.703,20.638373461422265,42.07055405419789,485.0213253715554,1426.149,47.69195364834611,92.92299662540916,824.0978866939613,2418.127,72.66714976676408,145.02977725697306,1777.755801881341,5164.4220000000005,159.0598845573648,317.5911044749139,4.017352237851367,5.913096722490758,7.627236773500407,5.114473432790303,0,0.0,0,0.0,0,0.0,0.3079661875650933,1.6864528965924115,True,1
579,7249,125.594,35.303,0.656,67.305,1.3734800405060426,3,8,11,5.833333333333333,16.6375,3.1,13.25,3.7065,18.23598,0.4808084554051335,0.6621621621621321,0.544282252770083,200,1.576,857,1.592,1796,1.5845,3265,1.597,7127,1.616,200,657,134.98807654114609,147.81194381255497,0.0453460620525058,857,939,144.60597699470276,126.75380387213626,-0.0657878373336644,857,2408,144.60597699470276,135.43803679628326,-0.0327374974894555,1796,5331,134.68810303772136,133.2632288964537,-0.0053176602294989,3265,137.73002184588813,7127,133.61944743177062,18317,123.62882990020866,45208,119.1902532084401,83.08589410803832,326.456,7.762861280810755,12.765516260664429,354.09748362527495,1415.507,19.326049430754978,39.53164475298805,750.7355115995936,2914.526,36.51904174574032,81.5557276064607,1367.1377019314568,5271.473,69.70883857849114,154.91246349680273,2968.781914235005,11624.328,152.29479114844122,329.56143766820827,3.174948038817757,6.037936427261309,7.300755737647866,4.396086036337525,1,5.545159943217695e-05,1,0.0198410947443702,1,0.140858420921045,0.4740348443785893,1.6830829826951592,True,1
105,276,118.041,47.108,0.489,55.279,1.5133179460770971,4,14,18,8.024999999999999,13.642857142857144,7.85,11.25,8.8956,8.673210000000001,0.2592714686006145,-0.0126582278481004,0.1640960748435642,200,1.6110000000000002,790,1.582,1761,1.56,3174,1.544,6477,1.541,200,590,111.19358938425766,109.34036289452004,-0.0084033613445378,790,971,109.80366951695444,107.96897529211418,-0.0084248149093694,790,2384,109.80366951695444,110.4522987883626,0.0029448885149347,1761,4716,108.78439494759874,97.1090680622517,-0.0567056705670563,3174,110.29014147051058,6477,100.02789978358844,15431,85.791413889424,35277,76.61281743571206,83.98500504475788,322.121,4.206977127631613,9.28914642725564,338.8730269022734,1238.575,20.406144165249053,39.96246793103662,760.3475336993522,2735.007,48.043568624592965,90.1519987659369,1374.245440427188,4897.472,100.41016457737892,177.19108335038084,2801.9164145370114,9986.96,200.15186088248487,357.1700859900528,6.719143840806968,10.06258865016366,11.254056445557648,6.6493552635398165,0,0.0,0,0.0,0,0.0,0.09349873291275801,1.6463248664670695,True,-1
923,16321,235.452,50.935,0.411,30.715,1.0004319688384404,3,5,8,17.733333333333338,35.46,14.7,26.6,21.94248,61.23138,0.3332497806742636,0.4723707664884079,0.3819421257092141,103,1.444,381,1.546,906,1.6015,1616,1.593,3601,1.588,103,278,131.03044651825775,117.88499719118336,-0.0528109028960815,381,525,121.17135952295196,133.57472703317538,0.0486891385767787,381,1235,121.17135952295196,130.9244348301362,0.0386879730866272,906,2695,128.06211925085387,126.97844421672228,-0.0042490301126917,1616,128.48616600334014,3601,127.24936297525517,10069,128.0918025235279,27543,136.8693715280785,43.34920636710443,162.245,0.4980545044071928,2.2002737206047382,156.35700969417172,616.192,7.383404408893799,13.41890742332912,368.6337003011732,1491.626,14.908595351001123,27.307431710017877,665.7300309235793,2635.637,26.89727229206113,52.76333101729888,1495.5971760382436,5807.986999999999,57.18116971217395,115.74019629783702,3.3511821942471536,4.778060325504771,5.589074541580568,4.775997243518317,0,0.0,0,0.0,0,0.0,0.29953041893283733,1.6032303094372473,True,1
312,3521,197.98,37.565,0.506,48.418,1.2809588916480827,3,5,8,4.499999999999999,12.58,5.199999999999999,8.799999999999999,2.9652,10.08168,0.473067915690839,0.5454545454545038,0.4984032361081217,155,1.4875,706,1.5105,1594,1.527,2789,1.5345,5988,1.555,155,551,120.27391048937524,142.51811759063605,0.0846456692913382,706,888,136.95706581532085,137.81062259943897,0.0031064670996892,706,2083,136.95706581532085,134.69384706955304,-0.0083313496786478,1594,4394,137.4312640287198,126.28042119242886,-0.0422842197035743,2789,135.259651755995,5988,129.0681319015016,16391,127.18772044073224,41111,124.61140963025971,67.73355608894806,233.064,4.463930803866074,8.206380992195445,300.5813592960438,1087.153,15.18943532758482,29.26508121758307,679.4326970145338,2477.107,34.354615629403625,65.99753489114654,1179.3856170289805,4409.468000000001,60.326153455347445,112.65729819169134,2521.843577537314,9545.937000000002,130.57046405292866,246.4549913575788,1.0602641185788826,5.527915167669277,7.032951665772861,4.315450873331884,1,0.1002588437228037,1,0.3985190410845143,1,0.6312836455069261,0.4260343365568139,1.5985146213460562,True,1
210,15737,132.568,17.375,0.509,40.824,1.0736843833621323,3,3,6,16.266666666666666,30.83333333333333,14.8,30.8,13.195140000000002,41.661060000000006,0.3092710544939779,0.5189189189189094,0.3826478070427039,81,1.404,376,1.494,811,1.529,1327,1.5945,2635,1.618,81,295,89.46267190787952,108.60694737787844,0.0966542750929363,376,435,103.8208785103787,96.08953649364838,-0.038674033149171,376,951,103.8208785103787,87.52983640369695,-0.0851370851370846,811,1824,99.52568850108408,74.61358644717525,-0.1430584918957003,1327,91.60259693036738,2635,80.84161196065246,6207,68.55491413977879,14391,62.08802620690077,35.95706585506888,123.343,2.539255339611505,4.870600090467611,162.39125728676754,574.368,8.180835283739787,16.67092892086712,343.13259359033555,1264.879,16.080805998399,33.20843857823871,555.8418442639161,2127.6760000000004,28.896889780448724,56.36354629725392,1103.190480496633,4278.787,58.04197334630936,113.4920881627442,2.3902707176823577,5.050261576569102,6.211134927594705,4.703674240608793,1,0.0017467471362611,1,0.0788663997906749,1,0.2808316217783798,0.29826766124593496,1.5858962796406844,True,1
708,8543,28.531,-7.246,0.638,55.409,1.162621893417067,4,5,9,7.575,11.9,4.65,8.399999999999999,6.894089999999999,18.53250000000001,0.2220795892169334,0.4577259475218481,0.3045558146236535,45,2.181,154,2.212,395,2.1,747,1.9,2226,1.605,45,109,42.388264784189616,34.224598973901244,-0.1065573770491789,154,241,36.26551542647334,45.40254139106533,0.1118800461361002,154,593,36.26551542647334,46.54859447597119,0.1241706161137424,395,1831,41.34164096235778,63.87894059247012,0.2141909814323587,747,43.977824713596725,2226,58.24461568494203,6629,62.44262383430956,20799,76.53068743457985,19.98972132644905,78.359,0.6755056262584264,1.9787419541929048,65.06004609019304,270.248,2.472848248379372,7.300944658497048,167.94067440859817,683.716,6.622522196018763,17.31600878258444,318.6216736129903,1259.271,17.403007922466642,39.64289475700756,961.2089193497644,3506.776,69.13246022964906,140.91739834736518,3.808084993444617,5.397849855717115,7.215840430210657,4.642824882514151,0,0.0,0,0.0,0,0.0,0.2074001644846602,1.5371124861476824,True,1
33,4395,238.258,20.882,0.595,91.328,2.054782435942348,3,11,14,10.633333333333333,57.60909090909092,11.8,21.1,1.1860799999999958,29.20722,0.6883658969804518,0.9219512195121652,0.7701207598665514,165,1.503,590,1.6190000000000002,1407,1.7,2673,1.76,6280,1.77,165,425,49.75793785041877,42.72146179076359,-0.0760869565217383,590,817,44.48058080567738,49.27543663489958,0.051141846252814,590,2083,44.48058080567738,52.346355829506216,0.0812354009862437,1407,4873,47.14438959968972,54.4265838709519,0.0716956234880133,2673,50.37991207354901,6280,52.60603530313636,16466,49.65540634212094,46187,54.40743076461391,74.10979731177858,255.859,3.2002536354491458,9.00136712039864,267.844513110467,943.855,17.652064782032177,39.39724869622832,613.825309341511,2344.821,36.77998677784744,80.75974116336216,1147.6253989487973,4536.2880000000005,70.8492892875922,145.69237169600126,2703.17067856486,10633.855,170.9122282753575,348.56996749249845,3.7586416158363303,4.8894642494432965,6.86176071164557,2.3795532626297486,4,0.1042013770532112,4,0.7494113193408055,4,1.656171058330077,0.6955332548207969,1.5265388595928253,True,-1
612,643,336.658,-0.176,0.578,56.6,1.31089363921695,3,10,13,11.033333333333331,13.12,12.0,6.35,0.1482599999999994,15.86382,0.0863924924096017,0.9814814814814204,0.3996736385847382,213,1.559,837,1.555,1785,1.601,2843,1.581,5243,1.6025,213,624,157.8173729374087,154.1127397698639,-0.0118764845605699,837,948,155.0388980617501,140.47968971329902,-0.0492666415945842,837,2006,155.0388980617501,123.858235568248,-0.1117998671684742,1785,3458,146.95044897927727,94.89349254348102,-0.2152501985702929,2843,131.65340119162352,5243,107.90773165243009,11200,82.98378295300364,22408,64.85423438933124,89.80106410767229,339.22,4.869056131875324,9.75135645412356,360.8165275695326,1322.761,25.068151975149554,47.01310524773747,751.9664358819477,2889.411,44.26218870860676,87.47329267603035,1194.9289234860394,4594.065,66.6741661106271,138.24198251427532,2178.726974356192,8613.021,113.3934763092026,236.6878941597043,2.960108757569369,5.955564519645384,8.501930461236743,4.543133280590438,1,6.807981343976342e-07,1,0.0034135584433954,1,0.0584256659645008,0.3293169909322755,1.4773682600134037,True,1
530,3421,226.2,29.496,0.533,48.149,1.2093135697144537,4,13,17,21.7,19.21538461538461,21.45,20.8,4.225410000000002,12.15732,-0.0607257003196073,0.484162895927572,0.1299853083669054,54,1.474,242,1.655,624,1.747,1170,1.7225,2640,1.7240000000000002,54,188,47.01387261028359,54.559308955143926,0.0742857142857136,242,382,52.672949868928846,66.51592347084566,0.1161431701972231,242,928,52.672949868928846,67.3285089233691,0.1221281741233363,624,2016,60.36349075888264,65.00683620187361,0.0370370370370367,1170,63.66461915975904,2640,63.84599984112587,7150,62.24984984509773,22779,77.46882264103371,26.063500223334,80.207,1.7097255434335192,3.1636178848198084,110.85188402238956,382.864,8.397127546126436,16.469532196927883,267.1656198002868,1058.683,19.777179630196187,36.12202445263884,497.4964776028261,1993.256,33.844068018818966,63.1570649009814,1137.8672681820733,4432.5560000000005,69.29705152324898,139.5895513031403,1.599836700672811,6.6698022041102565,7.969999019394511,5.51536207906741,1,0.0273237224472926,1,0.2369277586821219,1,0.4867522559599719,0.04094837921715819,1.402635639285877,True,1
869,11396,222.719,8.049,0.256,31.398,1.641877998276649,3,9,12,7.333333333333333,20.73333333333333,5.3,17.900000000000002,1.186080000000001,26.686800000000005,0.4774346793348999,0.9148936170212438,0.6305453075251203,107,1.863,461,1.935,991,1.932,1689,2.0,3796,1.9045,107,354,50.53731096959395,55.7327354617952,0.0488888888888884,461,530,54.433879338744894,50.06499965212112,-0.0418079096045193,461,1228,54.433879338744894,48.333191488054034,-0.0593642282650319,991,2805,52.00672395728724,49.06789798190068,-0.029075804776739,1689,49.85836345072675,3796,49.80260447574732,13037,61.57522645893426,34417,63.4981977088389,44.507211347242304,189.578,1.873028610425659,4.443543169081631,193.51832645007315,799.606,11.668942497892596,23.59652592396013,420.9491425847148,1724.015,26.184476108359675,50.948840047472885,716.141304594856,2974.388,44.18957159823712,87.20718858409685,1644.8077797326353,6512.127,91.23746215052007,194.7792213451251,3.071024767687413,4.08057603646179,5.384212675424247,2.4853101392078862,3,0.10540151915173,3,0.4138132936440691,3,0.7540148222518708,0.5497273344647713,1.3729200734518925,True,0
189,15046,169.489,15.168,0.463,60.487,1.748879622639738,3,9,12,8.066666666666668,16.02777777777778,9.0,17.3,0.1482599999999994,12.67623,0.3304127276919392,0.9768786127166872,0.556675787450601,115,1.894,471,2.004,1087,1.87,1817,1.818,3900,1.838,115,356,47.872722237426665,49.399098888475045,0.0156918687589156,471,616,49.01750472571295,51.286255475225765,0.022618800581033,471,1346,49.01750472571295,46.693249370707456,-0.0242841609278721,1087,2813,50.27792180877563,43.37068201413243,-0.0737569970365484,1817,47.27431320945883,3900,45.09749196279323,11629,48.40972929556824,30584,49.73299378089188,49.12218961744588,195.813,2.454451581998068,5.263186097171661,196.7893489119984,841.021,13.809049514191194,25.16121123798669,463.1288443744109,1854.737,31.648112219159582,59.52918838997856,779.4075244444568,3073.597,49.11968850098377,95.63110990994528,1691.9207834518302,6597.243,105.2563390303904,204.6941722230593,3.470551373973988,4.7737464165265004,5.422343945552046,2.729602629435601,3,0.0261727341314997,3,0.335490833178947,3,0.939266057430855,0.47750123250533993,1.3007829002229319,True,0
168,12591,243.297,26.857,0.561,57.503,1.3721655294037567,4,8,12,10.4,12.9375,9.9,12.05,6.004530000000001,16.679250000000003,0.1087305838243125,0.4705882352940969,0.235380761838737,76,1.7595,247,1.8175,639,1.81,1146,1.7425000000000002,2777,1.7,76,171,51.39379652474067,38.5453473935555,-0.1428571428571413,247,392,41.75745967635179,53.016758520258826,0.1188012843382081,247,899,41.75745967635179,50.66120951287485,0.0963414634146331,639,2138,48.012625700744586,53.54772756817523,0.0545006165228108,1146,48.435272053744086,2777,52.16395210131758,9500,64.24224565592583,26797,70.78533950829953,32.71272306867321,127.514,0.9460836986053146,3.360131522890645,109.074976148541,412.72100000000006,5.352881744980984,13.6374618697901,281.1434613251407,1068.685,18.379584429629183,38.6661847257606,512.976830696438,1860.898,31.873597200082507,67.01629821264939,1224.8949491287797,4530.726000000001,73.76283011967436,147.6929099354026,3.6839899791687154,6.064509327720164,7.121491973032694,4.419663078368496,1,0.5220457767610186,1,0.7710515858035678,1,0.8780954309205622,0.1467657745377247,1.2903437078339213,True,1
115,9662,197.892,38.623,0.46,60.32,1.7554253455044315,4,7,11,4.075,15.157142857142857,4.5,7.6,3.78063,18.38424,0.5762302692664509,0.6588628762541509,0.605151681712146,344,1.575,1232,1.532,2832,1.5425,4941,1.565,11128,1.57,344,888,142.1359157962358,122.3029973130401,-0.0749999999999997,1232,1600,127.26122693383904,132.21945655463796,0.019108280254777,1232,3709,127.26122693383904,127.7088448857167,0.0017555705604321,2832,8296,130.01579894539398,126.95516337699958,-0.0119104335397808,4941,127.59694039774728,11128,127.72032226909818,30722,126.93894200848707,73969,119.38648659533708,143.16482857078395,552.585,6.981494106623954,12.621966093337225,530.3967817296,1910.856,23.17031877606008,46.96006931209586,1203.079260979741,4485.822,48.95484816384664,100.1021126242615,2082.0781171439708,7887.993,90.56793233131668,178.39709502716462,4676.0037362623725,17786.233,203.81396751882176,407.2508497798659,1.0602641185788826,4.832592576208385,6.514839241059994,2.7529467935402048,2,0.2923087523435582,2,0.9153703755762138,2,1.3502073789388525,0.5430030714425277,1.2864078331829427,True,0
